{
    "Random Forest": {
        "german": {
            "LFR": {
                "+OptimPreproc": {
                    "accuracy": 0.028306043228323398,
                    "fairness": 0.06402210128302689
                },
                "+Reweighing": {
                    "accuracy": 0.009108496398030965,
                    "fairness": 0.24132159301718004
                },
                "All": {
                    "accuracy": 0.004586392080253494,
                    "fairness": 0.04515456962427901
                }
            },
            "Baseline": {
                "LFR": {
                    "accuracy": 0.12122450301291662,
                    "fairness": 0.3846730627355087
                },
                "OP": {
                    "accuracy": 0.8501067391385259,
                    "fairness": 0.9097218891455553
                },
                "RW": {
                    "accuracy": 0.4055023001299908,
                    "fairness": 0.1985957586332152
                }
            }
        },
        "compas": {
            "LFR": {
                "+OptimPreproc": {
                    "accuracy": 0.21229383619233155,
                    "fairness": 0.0007685389131627665
                },
                "+Reweighing": {
                    "accuracy": 0.24132159301718004,
                    "fairness": 0.00032983852077799353
                },
                "All": {
                    "accuracy": 0.06402210128302689,
                    "fairness": 0.00032983852077799353
                }
            },
            "Baseline": {
                "LFR": {
                    "accuracy": 0.017257456083119765,
                    "fairness": 0.00018267179110955002
                },
                "OP": {
                    "accuracy": 0.5707503880581739,
                    "fairness": 0.00579535854433471
                },
                "RW": {
                    "accuracy": 0.47267559351158717,
                    "fairness": 0.00032983852077799353
                }
            }
        },
        "adult": {
            "LFR": {
                "+OptimPreproc": {
                    "accuracy": 0.00024612812790522973,
                    "fairness": 0.0005828399431792743
                },
                "+Reweighing": {
                    "accuracy": 0.04499303387735437,
                    "fairness": 0.520209005780562
                },
                "All": {
                    "accuracy": 0.00018267179110955002,
                    "fairness": 0.0007685389131627665
                }
            },
            "Baseline": {
                "LFR": {
                    "accuracy": 0.031209012771740218,
                    "fairness": 6.386444750436982e-05
                },
                "OP": {
                    "accuracy": 0.3447042220069576,
                    "fairness": 6.386444750436982e-05
                },
                "RW": {
                    "accuracy": 0.07566157214388704,
                    "fairness": 6.386444750436982e-05
                }
            }
        }
    },
    "Logistic Regression": {
        "german": {
            "LFR": {
                "+OptimPreproc": {
                    "accuracy": 0.28973706282213785,
                    "fairness": 0.9397203669477441
                },
                "+Reweighing": {
                    "accuracy": 0.21194990616504217,
                    "fairness": 0.4723423874468554
                },
                "All": {
                    "accuracy": 0.17345557371239162,
                    "fairness": 0.8205295061094116
                }
            },
            "Baseline": {
                "LFR": {
                    "accuracy": 0.3255694067409992,
                    "fairness": 0.8797843010569926
                },
                "OP": {
                    "accuracy": 1.0,
                    "fairness": 1.0
                },
                "RW": {
                    "accuracy": 0.8205295061094116,
                    "fairness": 0.002487538658093602
                }
            }
        },
        "compas": {
            "LFR": {
                "+OptimPreproc": {
                    "accuracy": 0.47267559351158717,
                    "fairness": 0.0005717769654451723
                },
                "+Reweighing": {
                    "accuracy": 0.9698499769931556,
                    "fairness": 0.00216851606410531
                },
                "All": {
                    "accuracy": 0.6775849579524755,
                    "fairness": 0.005722030191733962
                }
            },
            "Baseline": {
                "LFR": {
                    "accuracy": 0.07566157214388704,
                    "fairness": 0.00017861448837368162
                },
                "OP": {
                    "accuracy": 0.27303633975118835,
                    "fairness": 0.00043963875262656454
                },
                "RW": {
                    "accuracy": 0.47267559351158717,
                    "fairness": 0.00018267179110955002
                }
            }
        },
        "adult": {
            "LFR": {
                "+OptimPreproc": {
                    "accuracy": 0.18587673236587576,
                    "fairness": 0.031209012771740218
                },
                "+Reweighing": {
                    "accuracy": 1.0,
                    "fairness": 1.0
                },
                "All": {
                    "accuracy": 0.18587673236587576,
                    "fairness": 0.031209012771740218
                }
            },
            "Baseline": {
                "LFR": {
                    "accuracy": 0.00018267179110955002,
                    "fairness": 6.386444750436982e-05
                },
                "OP": {
                    "accuracy": 0.04515456962427901,
                    "fairness": 6.386444750436982e-05
                },
                "RW": {
                    "accuracy": 0.0028272720911168077,
                    "fairness": 6.386444750436982e-05
                }
            }
        }
    }
}