{
    "german": {
        "baseline": {
            "Logistic Regression": {
                "accuracy": [
                    0.7333333333333333,
                    0.68,
                    0.67,
                    0.67
                ],
                "disparate_impact": [
                    0.8594075928243637,
                    0.8480769230769231,
                    0.9880952380952381,
                    0.8730964467005077
                ],
                "average_odds_difference": [
                    -0.18472088288867466,
                    -0.16683388676313204,
                    -0.01315789473684209,
                    -0.13104487077850008
                ]
            }
        },
        "Reweighing": [
            {
                "hyperparameters": {},
                "results": {
                    "Logistic Regression": {
                        "accuracy": [
                            0.71,
                            0.6866666666666666,
                            0.6633333333333333,
                            0.6666666666666666
                        ],
                        "disparate_impact": [
                            1.0248756218905473,
                            0.8899572649572649,
                            1.0046511627906978,
                            1.0656912511197372
                        ],
                        "average_odds_difference": [
                            0.028671846096929354,
                            -0.13037555342979867,
                            0.00324675324675322,
                            0.05522963902542144
                        ]
                    }
                }
            }
        ],
        "DisparateImpactRemover": [
            {
                "hyperparameters": {
                    "init": {
                        "repair_level": 0.5
                    }
                },
                "results": {
                    "Logistic Regression": {
                        "accuracy": [
                            0.7333333333333333,
                            0.68,
                            0.67,
                            0.67
                        ],
                        "disparate_impact": [
                            0.8594075928243637,
                            0.8480769230769231,
                            0.9880952380952381,
                            0.8730964467005077
                        ],
                        "average_odds_difference": [
                            -0.18472088288867466,
                            -0.16683388676313204,
                            -0.01315789473684209,
                            -0.13104487077850008
                        ]
                    }
                }
            }
        ],
        "OptimPreproc": [
            {
                "hyperparameters": {},
                "results": {
                    "Logistic Regression": {
                        "accuracy": [
                            0.7133333333333334,
                            0.6733333333333333,
                            0.67,
                            0.6733333333333333
                        ],
                        "disparate_impact": [
                            1.0098039215686274,
                            0.8225669358266043,
                            0.9568106312292358,
                            0.8303624480095068
                        ],
                        "average_odds_difference": [
                            0.006493506493506496,
                            -0.22016806722689075,
                            -0.037231685819059335,
                            -0.16326370654857542
                        ]
                    }
                }
            }
        ],
        "LFR": [
            {
                "hyperparameters": {
                    "init": {
                        "k": 5,
                        "Ax": 0.01,
                        "Ay": 1.0,
                        "Az": 50.0
                    },
                    "transform": {
                        "threshold": 0.5
                    }
                },
                "results": {}
            }
        ]
    }
}