experiment,bootstrap_type,dataset,preprocessing,classifier,h_mean,Mean
fairboost,custom,german,"LFR,Reweighing",Logistic Regression,"[0.8485837510199324, 0.8296296296296297, 0.8851327032539291, 0.8434484576852097, 0.8053035470123813, 0.8502762038158409, 0.8732453180589632, 0.838528688074976, 0.85796560897348, 0.7569157667206876]",0.838902967424503
fairboost,none,german,"LFR,Reweighing",Logistic Regression,"[0.8964442166338162, 0.8232425859327266, 0.8854968198111396, 0.867957364666387, 0.8045401007396696, 0.8434105880924168, 0.8340389604417532, 0.8560311284046692, 0.8790694575043868, 0.7623477743414381]",0.8452578996568402
fairboost,default,german,Reweighing,Logistic Regression,"[0.9087048832271762, 0.8400347938886414, 0.8764372469635628, 0.8876410091985708, 0.8171296186422943, 0.865967134707238, 0.8526155067746601, 0.8483462824527523, 0.8565597969648314, 0.8135403312163255]",0.8566976604036054
preprocessing,No bootstrap,german,Reweighing,Logistic Regression,"[0.8964442166338162, 0.8562037952629844, 0.8855748681779843, 0.8612887910000924, 0.8503432217484653, 0.8782669500121579, 0.8502806140600542, 0.8671060208586603, 0.8790694575043868, 0.8564680888323966]",0.8681046024090998
fairboost,none,german,Reweighing,Logistic Regression,"[0.8964442166338162, 0.8562037952629844, 0.8855748681779843, 0.8612887910000924, 0.8503432217484653, 0.8782669500121579, 0.8502806140600542, 0.8671060208586603, 0.8790694575043868, 0.8564680888323966]",0.8681046024090998
